,OwnerZip,ExpYear
count,21527.0,21527.0
mean,15152.746597296418,2017.0
std,85.97520074417616,0.0
min,15003.0,2017.0
25%,15102.0,2017.0
50%,15137.0,2017.0
75%,15227.0,2017.0
max,16229.0,2017.0
